Name,Surname,Faculty,StudyTime,Number,Birthday,Email,FatherName,MotherName
Paweł,Nowak1,Informatyka dzienne,Dzienne,459,2000-02-12,1@pjwstk.edu.pl,Adam,Alina
Kaja,Jankowski29,Sztuka Nowych Mediów dzienne,Dzienne,4816,2000-02-12,29@pjwstk.edu.pl,Adam,Alina
Justyna,Kowalski30,Sztuka Nowych Mediów dzienne,Dzienne,4749,2000-02-12,30@pjwstk.edu.pl,Adam,Alina
Michał,Nowak31,Sztuka Nowych Mediów dzienne,Dzienne,4432,2000-02-12,31@pjwstk.edu.pl,Adam,Alina
Kamil,Brzęczyszczykiewicz32,Sztuka Nowych Mediów dzienne,Dzienne,4757,2000-02-12,32@pjwstk.edu.pl,Adam,Alina
Marta,Maciejewski33,Sztuka Nowych Mediów dzienne,Dzienne,4655,2000-02-12,33@pjwstk.edu.pl,Adam,Alina
Szymon,Jankowski34,Sztuka Nowych Mediów dzienne,Dzienne,4398,2000-02-12,34@pjwstk.edu.pl,Adam,Alina
Joanna,Brzęczyszczykiewicz37,Sztuka Nowych Mediów dzienne,Dzienne,4799,2000-02-12,37@pjwstk.edu.pl,Adam,Alina
Irena,Maciejewski38,Sztuka Nowych Mediów dzienne,Dzienne,4626,2000-02-12,38@pjwstk.edu.pl,Adam,Alina
Adam,Jankowski39,Sztuka Nowych Mediów dzienne,Dzienne,4446,2000-02-12,39@pjwstk.edu.pl,Adam,Alina
Kacper,Kowalski40,Sztuka Nowych Mediów dzienne,Dzienne,4396,2000-02-12,40@pjwstk.edu.pl,Adam,Alina
Paweł,Nowak41,Sztuka Nowych Mediów dzienne,Dzienne,4902,2000-02-12,41@pjwstk.edu.pl,Adam,Alina
Aleksandra,Brzęczyszczykiewicz42,Sztuka Nowych Mediów zaoczne,Zaoczne,4434,2000-02-12,42@pjwstk.edu.pl,Adam,Alina
Katarzyna,Maciejewski43,Sztuka Nowych Mediów dzienne,Dzienne,4517,2000-02-12,43@pjwstk.edu.pl,Adam,Alina
Grzegorz,Jankowski44,Sztuka Nowych Mediów dzienne,Dzienne,4705,2000-02-12,44@pjwstk.edu.pl,Adam,Alina
Adrian,Kowalski45,Sztuka Nowych Mediów dzienne,Dzienne,4661,2000-02-12,45@pjwstk.edu.pl,Adam,Alina
Jan,Nowak46,Sztuka Nowych Mediów dzienne,Dzienne,4842,2000-02-12,46@pjwstk.edu.pl,Adam,Alina
Jakub,Brzęczyszczykiewicz47,Sztuka Nowych Mediów dzienne,Dzienne,4709,2000-02-12,47@pjwstk.edu.pl,Adam,Alina
Iga,Maciejewski48,Sztuka Nowych Mediów dzienne,Dzienne,4792,2000-02-12,48@pjwstk.edu.pl,Adam,Alina
Jakub,Jankowski49,Sztuka Nowych Mediów dzienne,Dzienne,4789,2000-02-12,49@pjwstk.edu.pl,Adam,Alina
Maria,Kowalski50,Sztuka Nowych Mediów dzienne,Dzienne,4708,2000-02-12,50@pjwstk.edu.pl,Adam,Alina
Artur,Nowak51,Sztuka Nowych Mediów dzienne,Dzienne,4404,2000-02-12,51@pjwstk.edu.pl,Adam,Alina
Sabina,Brzęczyszczykiewicz52,Sztuka Nowych Mediów dzienne,Dzienne,4513,2000-02-12,52@pjwstk.edu.pl,Adam,Alina
Łukasz,Maciejewski53,Sztuka Nowych Mediów dzienne,Dzienne,4442,2000-02-12,53@pjwstk.edu.pl,Adam,Alina
Marcin,Jankowski54,Sztuka Nowych Mediów dzienne,Dzienne,4732,2000-02-12,54@pjwstk.edu.pl,Adam,Alina
Rafał,Kowalski55,Sztuka Nowych Mediów dzienne,Dzienne,4506,2000-02-12,55@pjwstk.edu.pl,Adam,Alina
Jan,Nowak56,Sztuka Nowych Mediów dzienne,Dzienne,4649,2000-02-12,56@pjwstk.edu.pl,Adam,Alina
Jakub,Brzęczyszczykiewicz57,Sztuka Nowych Mediów dzienne,Dzienne,4755,2000-02-12,57@pjwstk.edu.pl,Adam,Alina
Julia,Maciejewski58,Sztuka Nowych Mediów dzienne,Dzienne,4890,2000-02-12,58@pjwstk.edu.pl,Adam,Alina
Karol,Jankowski59,Sztuka Nowych Mediów dzienne,Dzienne,4594,2000-02-12,59@pjwstk.edu.pl,Adam,Alina
Katarzyna,Nowak61,Sztuka Nowych Mediów dzienne,Dzienne,4925,2000-02-12,61@pjwstk.edu.pl,Adam,Alina
Marzena,Brzęczyszczykiewicz62,Sztuka Nowych Mediów dzienne,Dzienne,4748,2000-02-12,62@pjwstk.edu.pl,Adam,Alina
Filip,Maciejewski63,Sztuka Nowych Mediów dzienne,Dzienne,4720,2000-02-12,63@pjwstk.edu.pl,Adam,Alina
Karolina,Jankowski64,Sztuka Nowych Mediów dzienne,Dzienne,4423,2000-02-12,64@pjwstk.edu.pl,Adam,Alina
Mateusz,Kowalski65,Sztuka Nowych Mediów dzienne,Dzienne,4299,2000-02-12,65@pjwstk.edu.pl,Adam,Alina
Magdalena,Nowak66,Sztuka Nowych Mediów dzienne,Dzienne,4629,2000-02-12,66@pjwstk.edu.pl,Adam,Alina
Igor,Brzęczyszczykiewicz67,Sztuka Nowych Mediów dzienne,Dzienne,4889,2000-02-12,67@pjwstk.edu.pl,Adam,Alina
Bogumiła,Maciejewski68,Sztuka Nowych Mediów dzienne,Dzienne,4831,2000-02-12,68@pjwstk.edu.pl,Adam,Alina
Paweł,Jankowski69,Sztuka Nowych Mediów dzienne,Dzienne,4478,2000-02-12,69@pjwstk.edu.pl,Adam,Alina
Marta,Kowalski70,Sztuka Nowych Mediów dzienne,Dzienne,4718,2000-02-12,70@pjwstk.edu.pl,Adam,Alina
Kamil,Nowak71,Sztuka Nowych Mediów dzienne,Dzienne,4741,2000-02-12,71@pjwstk.edu.pl,Adam,Alina
Beata,Brzęczyszczykiewicz72,Sztuka Nowych Mediów dzienne,Dzienne,4444,2000-02-12,72@pjwstk.edu.pl,Adam,Alina
Kacper,Maciejewski73,Sztuka Nowych Mediów dzienne,Dzienne,4552,2000-02-12,73@pjwstk.edu.pl,Adam,Alina
Gustaw,Jankowski74,Sztuka Nowych Mediów dzienne,Dzienne,4462,2000-02-12,74@pjwstk.edu.pl,Adam,Alina
Arkadiusz,Kowalski75,Sztuka Nowych Mediów dzienne,Dzienne,4414,2000-02-12,75@pjwstk.edu.pl,Adam,Alina
Sonia,Nowak76,Sztuka Nowych Mediów dzienne,Dzienne,4508,2000-02-12,76@pjwstk.edu.pl,Adam,Alina
Sandra,Brzęczyszczykiewicz77,Sztuka Nowych Mediów dzienne,Dzienne,4800,2000-02-12,77@pjwstk.edu.pl,Adam,Alina
Małgorzata,Maciejewski78,Sztuka Nowych Mediów dzienne,Dzienne,4429,2000-02-12,78@pjwstk.edu.pl,Adam,Alina
Kiyomi,Jankowski79,Sztuka Nowych Mediów dzienne,Dzienne,4927,2000-02-12,79@pjwstk.edu.pl,Adam,Alina
Konrad,Kowalski80,Sztuka Nowych Mediów dzienne,Dzienne,4502,2000-02-12,80@pjwstk.edu.pl,Adam,Alina
Tomasz,Nowak81,Sztuka Nowych Mediów dzienne,Dzienne,4744,2000-02-12,81@pjwstk.edu.pl,Adam,Alina
Maciej,Brzęczyszczykiewicz82,Sztuka Nowych Mediów dzienne,Dzienne,4477,2000-02-12,82@pjwstk.edu.pl,Adam,Alina
Katarzyna,Maciejewski83,Sztuka Nowych Mediów dzienne,Dzienne,4736,2000-02-12,83@pjwstk.edu.pl,Adam,Alina
Klaudia,Jankowski84,Sztuka Nowych Mediów dzienne,Dzienne,4849,2000-02-12,84@pjwstk.edu.pl,Adam,Alina
Michał,Kowalski85,Sztuka Nowych Mediów dzienne,Dzienne,4819,2000-02-12,85@pjwstk.edu.pl,Adam,Alina
Sebastian,Nowak86,Sztuka Nowych Mediów dzienne,Dzienne,4445,2000-02-12,86@pjwstk.edu.pl,Adam,Alina
Kamil,Brzęczyszczykiewicz87,Sztuka Nowych Mediów dzienne,Dzienne,4707,2000-02-12,87@pjwstk.edu.pl,Adam,Alina
Jagna,Maciejewski88,Sztuka Nowych Mediów dzienne,Dzienne,4764,2000-02-12,88@pjwstk.edu.pl,Adam,Alina
Izabela,Jankowski89,Sztuka Nowych Mediów dzienne,Dzienne,4722,2000-02-12,89@pjwstk.edu.pl,Adam,Alina
Mateusz,Kowalski90,Sztuka Nowych Mediów dzienne,Dzienne,4452,2000-02-12,90@pjwstk.edu.pl,Adam,Alina
Daria,Nowak91,Sztuka Nowych Mediów dzienne,Dzienne,4545,2000-02-12,91@pjwstk.edu.pl,Adam,Alina
Agnieszka,Brzęczyszczykiewicz92,Sztuka Nowych Mediów dzienne,Dzienne,4771,2000-02-12,92@pjwstk.edu.pl,Adam,Alina
Iwona,Maciejewski93,Sztuka Nowych Mediów dzienne,Dzienne,4706,2000-02-12,93@pjwstk.edu.pl,Adam,Alina
Aleksandra,Jankowski94,Sztuka Nowych Mediów dzienne,Dzienne,4772,2000-02-12,94@pjwstk.edu.pl,Adam,Alina
Tomasz,Kowalski95,Informatyka dzienne,Dzienne,3374,2000-02-12,95@pjwstk.edu.pl,Adam,Alina
Jolanta,Nowak96,Sztuka Nowych Mediów dzienne,Dzienne,4756,2000-02-12,96@pjwstk.edu.pl,Adam,Alina
Aleksandra,Brzęczyszczykiewicz97,Sztuka Nowych Mediów dzienne,Dzienne,4457,2000-02-12,97@pjwstk.edu.pl,Adam,Alina
Paweł,Brzęczyszczykiewicz252,Informatyka dzienne po angielsku,Dzienne,4412,2000-02-12,252@pjwstk.edu.pl,Adam,Alina
Dariusz,Maciejewski253,Informatyka dzienne,Dzienne,4525,2000-02-12,253@pjwstk.edu.pl,Adam,Alina
Kamil,Jankowski254,Informatyka dzienne,Dzienne,4836,2000-02-12,254@pjwstk.edu.pl,Adam,Alina
Łukasz,Kowalski255,Informatyka dzienne,Dzienne,4788,2000-02-12,255@pjwstk.edu.pl,Adam,Alina
Tomasz,Nowak256,Informatyka dzienne po angielsku,Dzienne,4474,2000-02-12,256@pjwstk.edu.pl,Adam,Alina
Michał,Brzęczyszczykiewicz257,Informatyka dzienne,Dzienne,4454,2000-02-12,257@pjwstk.edu.pl,Adam,Alina
Patryk,Maciejewski258,Informatyka dzienne,Dzienne,4443,2000-02-12,258@pjwstk.edu.pl,Adam,Alina
Bhagirath,Jankowski259,Informatyka dzienne,Dzienne,4851,2000-02-12,259@pjwstk.edu.pl,Adam,Alina
Michał,Kowalski260,Informatyka dzienne,Dzienne,4579,2000-02-12,260@pjwstk.edu.pl,Adam,Alina
Marek,Nowak261,Informatyka dzienne,Dzienne,4461,2000-02-12,261@pjwstk.edu.pl,Adam,Alina
Przemysław,Brzęczyszczykiewicz262,Informatyka dzienne,Dzienne,4747,2000-02-12,262@pjwstk.edu.pl,Adam,Alina
Marcin,Maciejewski263,Informatyka dzienne,Dzienne,4762,2000-02-12,263@pjwstk.edu.pl,Adam,Alina
Zuzanna,Jankowski264,Zarządzanie informacją dzienne (kierunek Zarządzanie),Dzienne,4413,2000-02-12,264@pjwstk.edu.pl,Adam,Alina
Michał,Kowalski265,Informatyka dzienne,Dzienne,4490,2000-02-12,265@pjwstk.edu.pl,Adam,Alina
Wojciech,Nowak266,Informatyka dzienne po angielsku,Dzienne,4554,2000-02-12,266@pjwstk.edu.pl,Adam,Alina
Enkh-Amgalan,Brzęczyszczykiewicz267,Informatyka dzienne,Dzienne,4340,2000-02-12,267@pjwstk.edu.pl,Adam,Alina
Adrian,Maciejewski268,Informatyka dzienne,Dzienne,4586,2000-02-12,268@pjwstk.edu.pl,Adam,Alina
Bartosz,Jankowski269,Informatyka dzienne,Dzienne,4798,2000-02-12,269@pjwstk.edu.pl,Adam,Alina
Jakub,Kowalski270,Informatyka dzienne,Dzienne,4711,2000-02-12,270@pjwstk.edu.pl,Adam,Alina
Sebastian,Nowak271,Informatyka dzienne,Dzienne,4056,2000-02-12,271@pjwstk.edu.pl,Adam,Alina
Aleksandra,Brzęczyszczykiewicz272,Informatyka dzienne,Dzienne,4549,2000-02-12,272@pjwstk.edu.pl,Adam,Alina
Piotr,Maciejewski273,Informatyka dzienne,Dzienne,4618,2000-02-12,273@pjwstk.edu.pl,Adam,Alina
Adrian,Jankowski274,Informatyka dzienne,Dzienne,4530,2000-02-12,274@pjwstk.edu.pl,Adam,Alina
Andrzej,Kowalski275,Informatyka dzienne,Dzienne,4607,2000-02-12,275@pjwstk.edu.pl,Adam,Alina
Wojciech,Nowak276,Informatyka dzienne,Dzienne,4459,2000-02-12,276@pjwstk.edu.pl,Adam,Alina
Monika,Brzęczyszczykiewicz277,Informatyka dzienne po angielsku,Dzienne,4501,2000-02-12,277@pjwstk.edu.pl,Adam,Alina
Jan,Maciejewski278,Informatyka dzienne,Dzienne,4858,2000-02-12,278@pjwstk.edu.pl,Adam,Alina
Paweł,Jankowski279,Informatyka dzienne,Dzienne,4578,2000-02-12,279@pjwstk.edu.pl,Adam,Alina
Bartosz,Kowalski280,Informatyka dzienne,Dzienne,4555,2000-02-12,280@pjwstk.edu.pl,Adam,Alina
Agata,Nowak281,Informatyka dzienne,Dzienne,4589,2000-02-12,281@pjwstk.edu.pl,Adam,Alina
Matthew,Brzęczyszczykiewicz282,Informatyka dzienne,Dzienne,4945,2000-02-12,282@pjwstk.edu.pl,Adam,Alina
Piotr,Maciejewski283,Informatyka dzienne po angielsku,Dzienne,4556,2000-02-12,283@pjwstk.edu.pl,Adam,Alina
Grzegorz,Jankowski284,Informatyka dzienne po angielsku,Dzienne,4504,2000-02-12,284@pjwstk.edu.pl,Adam,Alina
Sebastian,Kowalski285,Informatyka dzienne,Dzienne,4505,2000-02-12,285@pjwstk.edu.pl,Adam,Alina
Filip,Nowak286,Informatyka dzienne,Dzienne,4105,2000-02-12,286@pjwstk.edu.pl,Adam,Alina
Jakub,Brzęczyszczykiewicz287,Informatyka dzienne,Dzienne,4487,2000-02-12,287@pjwstk.edu.pl,Adam,Alina
Artur,Maciejewski288,Informatyka dzienne,Dzienne,4498,2000-02-12,288@pjwstk.edu.pl,Adam,Alina
Piotr,Jankowski289,Informatyka dzienne,Dzienne,4471,2000-02-12,289@pjwstk.edu.pl,Adam,Alina
Małgorzata,Kowalski290,Informatyka dzienne,Dzienne,4855,2000-02-12,290@pjwstk.edu.pl,Adam,Alina
Arkadiusz,Nowak291,Informatyka dzienne,Dzienne,4752,2000-02-12,291@pjwstk.edu.pl,Adam,Alina
Jakub,Brzęczyszczykiewicz292,Informatyka dzienne,Dzienne,4770,2000-02-12,292@pjwstk.edu.pl,Adam,Alina
Adam,Maciejewski293,Informatyka dzienne,Dzienne,4476,2000-02-12,293@pjwstk.edu.pl,Adam,Alina
Tomasz,Jankowski294,Informatyka dzienne,Dzienne,4724,2000-02-12,294@pjwstk.edu.pl,Adam,Alina
Piotr,Kowalski295,Informatyka dzienne,Dzienne,4754,2000-02-12,295@pjwstk.edu.pl,Adam,Alina
Michał,Nowak296,Informatyka dzienne,Dzienne,4769,2000-02-12,296@pjwstk.edu.pl,Adam,Alina
Maciej,Brzęczyszczykiewicz297,Informatyka dzienne,Dzienne,4499,2000-02-12,297@pjwstk.edu.pl,Adam,Alina
Jakub,Maciejewski298,Informatyka dzienne,Dzienne,4733,2000-02-12,298@pjwstk.edu.pl,Adam,Alina
Kasper,Jankowski299,Informatyka dzienne,Dzienne,4584,2000-02-12,299@pjwstk.edu.pl,Adam,Alina
Krzysztof,Kowalski300,Informatyka dzienne,Dzienne,4514,2000-02-12,300@pjwstk.edu.pl,Adam,Alina
Michał,Nowak301,Informatyka dzienne,Dzienne,4448,2000-02-12,301@pjwstk.edu.pl,Adam,Alina
Paweł,Brzęczyszczykiewicz302,Informatyka dzienne,Dzienne,4664,2000-02-12,302@pjwstk.edu.pl,Adam,Alina
Katarzyna,Maciejewski303,Informatyka dzienne,Dzienne,4935,2000-02-12,303@pjwstk.edu.pl,Adam,Alina
Konrad,Jankowski304,Informatyka dzienne,Dzienne,4485,2000-02-12,304@pjwstk.edu.pl,Adam,Alina
Piotr,Kowalski305,Informatyka dzienne,Dzienne,4456,2000-02-12,305@pjwstk.edu.pl,Adam,Alina
Jan,Nowak306,Informatyka dzienne,Dzienne,4107,2000-02-12,306@pjwstk.edu.pl,Adam,Alina
Radosław,Brzęczyszczykiewicz307,Informatyka dzienne po angielsku,Dzienne,4482,2000-02-12,307@pjwstk.edu.pl,Adam,Alina
Kacper,Maciejewski308,Informatyka dzienne,Dzienne,4817,2000-02-12,308@pjwstk.edu.pl,Adam,Alina
Tomasz,Jankowski309,Informatyka dzienne,Dzienne,4765,2000-02-12,309@pjwstk.edu.pl,Adam,Alina
Lech,Kowalski310,Informatyka dzienne,Dzienne,4387,2000-02-12,310@pjwstk.edu.pl,Adam,Alina
Błażej,Nowak311,Informatyka dzienne po angielsku,Dzienne,4509,2000-02-12,311@pjwstk.edu.pl,Adam,Alina
Karol,Brzęczyszczykiewicz312,Informatyka dzienne,Dzienne,4609,2000-02-12,312@pjwstk.edu.pl,Adam,Alina
Paweł,Maciejewski313,Informatyka dzienne,Dzienne,4481,2000-02-12,313@pjwstk.edu.pl,Adam,Alina
Wojciech,Jankowski314,Informatyka dzienne po angielsku,Dzienne,4512,2000-02-12,314@pjwstk.edu.pl,Adam,Alina
Maciej,Kowalski315,Informatyka dzienne,Dzienne,4782,2000-02-12,315@pjwstk.edu.pl,Adam,Alina
Michał,Nowak316,Informatyka dzienne,Dzienne,4492,2000-02-12,316@pjwstk.edu.pl,Adam,Alina
Piotr,Brzęczyszczykiewicz317,Informatyka dzienne,Dzienne,4531,2000-02-12,317@pjwstk.edu.pl,Adam,Alina
Marcin,Maciejewski318,Informatyka dzienne po angielsku,Dzienne,4406,2000-02-12,318@pjwstk.edu.pl,Adam,Alina
Krzysztof,Jankowski319,Informatyka dzienne,Dzienne,4394,2000-02-12,319@pjwstk.edu.pl,Adam,Alina
Michał,Kowalski320,Informatyka internetowe magisterskie,Internetowe,4627,2000-02-12,320@pjwstk.edu.pl,Adam,Alina
Krzysztof,Nowak321,Informatyka dzienne,Dzienne,4830,2000-02-12,321@pjwstk.edu.pl,Adam,Alina
Adrian,Brzęczyszczykiewicz322,Informatyka dzienne,Dzienne,4486,2000-02-12,322@pjwstk.edu.pl,Adam,Alina
Mariusz,Maciejewski323,Informatyka dzienne po angielsku,Dzienne,4447,2000-02-12,323@pjwstk.edu.pl,Adam,Alina
Bartosz,Jankowski324,Informatyka dzienne po angielsku,Dzienne,4580,2000-02-12,324@pjwstk.edu.pl,Adam,Alina
Piotr,Kowalski325,Informatyka dzienne,Dzienne,4284,2000-02-12,325@pjwstk.edu.pl,Adam,Alina
Michał,Nowak326,Informatyka dzienne,Dzienne,4440,2000-02-12,326@pjwstk.edu.pl,Adam,Alina
Aleksander,Brzęczyszczykiewicz327,Informatyka dzienne po angielsku,Dzienne,4410,2000-02-12,327@pjwstk.edu.pl,Adam,Alina
Andrzej,Maciejewski328,Informatyka dzienne,Dzienne,4615,2000-02-12,328@pjwstk.edu.pl,Adam,Alina
Paweł,Jankowski329,Informatyka dzienne,Dzienne,4796,2000-02-12,329@pjwstk.edu.pl,Adam,Alina
Paweł,Kowalski330,Informatyka dzienne,Dzienne,4458,2000-02-12,330@pjwstk.edu.pl,Adam,Alina
Nakul,Brzęczyszczykiewicz332,Informatyka dzienne po angielsku,Dzienne,4942,2000-02-12,332@pjwstk.edu.pl,Adam,Alina
Tomoto,Maciejewski333,Informatyka dzienne,Dzienne,4614,2000-02-12,333@pjwstk.edu.pl,Adam,Alina
Krzysztof,Jankowski334,Informatyka dzienne,Dzienne,4822,2000-02-12,334@pjwstk.edu.pl,Adam,Alina
Adam,Kowalski335,Informatyka dzienne po angielsku,Dzienne,4433,2000-02-12,335@pjwstk.edu.pl,Adam,Alina
Jan,Nowak336,Informatyka dzienne,Dzienne,4557,2000-02-12,336@pjwstk.edu.pl,Adam,Alina
Gabriel,Brzęczyszczykiewicz337,Informatyka dzienne,Dzienne,4599,2000-02-12,337@pjwstk.edu.pl,Adam,Alina
Michał,Maciejewski338,Informatyka dzienne,Dzienne,4419,2000-02-12,338@pjwstk.edu.pl,Adam,Alina
Michał,Jankowski339,Informatyka dzienne,Dzienne,4828,2000-02-12,339@pjwstk.edu.pl,Adam,Alina
Kacper,Kowalski340,Informatyka dzienne,Dzienne,4460,2000-02-12,340@pjwstk.edu.pl,Adam,Alina
Adrian,Nowak341,Informatyka dzienne,Dzienne,4058,2000-02-12,341@pjwstk.edu.pl,Adam,Alina
Michał,Brzęczyszczykiewicz342,Informatyka dzienne po angielsku,Dzienne,4524,2000-02-12,342@pjwstk.edu.pl,Adam,Alina
Katarzyna,Maciejewski343,Informatyka dzienne,Dzienne,4588,2000-02-12,343@pjwstk.edu.pl,Adam,Alina
Piotr,Jankowski344,Informatyka dzienne,Dzienne,4743,2000-02-12,344@pjwstk.edu.pl,Adam,Alina
Karol,Kowalski345,Informatyka dzienne,Dzienne,4721,2000-02-12,345@pjwstk.edu.pl,Adam,Alina
Radosław,Nowak346,Informatyka dzienne po angielsku,Dzienne,4544,2000-02-12,346@pjwstk.edu.pl,Adam,Alina
Marco,Brzęczyszczykiewicz347,Informatyka dzienne,Dzienne,4426,2000-02-12,347@pjwstk.edu.pl,Adam,Alina
Jagoda,Maciejewski348,Informatyka dzienne,Dzienne,4532,2000-02-12,348@pjwstk.edu.pl,Adam,Alina
Tomasz,Jankowski349,Informatyka dzienne,Dzienne,4480,2000-02-12,349@pjwstk.edu.pl,Adam,Alina
Przemysław,Kowalski350,Informatyka dzienne,Dzienne,4441,2000-02-12,350@pjwstk.edu.pl,Adam,Alina
Michał,Nowak351,Informatyka dzienne,Dzienne,4523,2000-02-12,351@pjwstk.edu.pl,Adam,Alina
Bartosz,Brzęczyszczykiewicz352,Informatyka dzienne,Dzienne,4766,2000-02-12,352@pjwstk.edu.pl,Adam,Alina
Achut,Maciejewski353,Informatyka dzienne po angielsku,Dzienne,4941,2000-02-12,353@pjwstk.edu.pl,Adam,Alina
Aleksander,Jankowski354,Informatyka dzienne po angielsku,Dzienne,4647,2000-02-12,354@pjwstk.edu.pl,Adam,Alina
Jan,Kowalski355,Informatyka dzienne,Dzienne,4500,2000-02-12,355@pjwstk.edu.pl,Adam,Alina
Yuriy,Nowak356,Informatyka dzienne,Dzienne,4422,2000-02-12,356@pjwstk.edu.pl,Adam,Alina
Michał,Brzęczyszczykiewicz357,Informatyka dzienne po angielsku,Dzienne,4660,2000-02-12,357@pjwstk.edu.pl,Adam,Alina
Michał,Maciejewski358,Informatyka dzienne po angielsku,Dzienne,4521,2000-02-12,358@pjwstk.edu.pl,Adam,Alina
Piotr,Jankowski359,Informatyka dzienne,Dzienne,4585,2000-02-12,359@pjwstk.edu.pl,Adam,Alina
Mikołaj,Kowalski360,Informatyka dzienne,Dzienne,3081,2000-02-12,360@pjwstk.edu.pl,Adam,Alina
Dariusz,Nowak361,Informatyka dzienne,Dzienne,4710,2000-02-12,361@pjwstk.edu.pl,Adam,Alina
Anna,Brzęczyszczykiewicz362,Informatyka dzienne,Dzienne,4385,2000-02-12,362@pjwstk.edu.pl,Adam,Alina
Piotr,Maciejewski363,Informatyka dzienne,Dzienne,4529,2000-02-12,363@pjwstk.edu.pl,Adam,Alina
Michał,Jankowski364,Informatyka zaoczne,Zaoczne,4522,2000-02-12,364@pjwstk.edu.pl,Adam,Alina
Dawid,Kowalski365,Informatyka dzienne,Dzienne,4827,2000-02-12,365@pjwstk.edu.pl,Adam,Alina
Karol,Nowak366,Informatyka dzienne,Dzienne,4518,2000-02-12,366@pjwstk.edu.pl,Adam,Alina
Adrian,Brzęczyszczykiewicz367,Informatyka dzienne,Dzienne,4384,2000-02-12,367@pjwstk.edu.pl,Adam,Alina
Łukasz,Maciejewski368,Informatyka dzienne,Dzienne,4496,2000-02-12,368@pjwstk.edu.pl,Adam,Alina
Adam,Jankowski369,Informatyka dzienne,Dzienne,4750,2000-02-12,369@pjwstk.edu.pl,Adam,Alina
Arkadiusz,Kowalski370,Informatyka dzienne,Dzienne,4111,2000-02-12,370@pjwstk.edu.pl,Adam,Alina
Jakub,Nowak371,Informatyka dzienne,Dzienne,4484,2000-02-12,371@pjwstk.edu.pl,Adam,Alina
Michał,Brzęczyszczykiewicz372,Informatyka dzienne po angielsku,Dzienne,4483,2000-02-12,372@pjwstk.edu.pl,Adam,Alina
Tomasz,Maciejewski373,Informatyka dzienne,Dzienne,4751,2000-02-12,373@pjwstk.edu.pl,Adam,Alina
Radosław,Jankowski374,Informatyka dzienne,Dzienne,4528,2000-02-12,374@pjwstk.edu.pl,Adam,Alina
Paweł,Kowalski375,Informatyka dzienne,Dzienne,4533,2000-02-12,375@pjwstk.edu.pl,Adam,Alina
Przemysław,Nowak376,Informatyka dzienne,Dzienne,4814,2000-02-12,376@pjwstk.edu.pl,Adam,Alina
Adam,Brzęczyszczykiewicz377,Informatyka dzienne,Dzienne,4753,2000-02-12,377@pjwstk.edu.pl,Adam,Alina
Dawid,Maciejewski378,Informatyka dzienne,Dzienne,4520,2000-02-12,378@pjwstk.edu.pl,Adam,Alina
Adrian,Jankowski379,Informatyka dzienne,Dzienne,4837,2000-02-12,379@pjwstk.edu.pl,Adam,Alina
Sławomir,Kowalski380,Informatyka dzienne,Dzienne,4611,2000-02-12,380@pjwstk.edu.pl,Adam,Alina
Rafał,Nowak381,Informatyka dzienne,Dzienne,4616,2000-02-12,381@pjwstk.edu.pl,Adam,Alina
Agnieszka,Brzęczyszczykiewicz382,Informatyka dzienne po angielsku,Dzienne,4603,2000-02-12,382@pjwstk.edu.pl,Adam,Alina
Jahor,Patenka,Informatyka,Dzienne,22198,29-09-2002,egorpatenko@gmail.com,Aksana,Ihar
